GOOGL,0.0
AAPL,0.0553
TSLA,0.43275
MSFT,0.51195
GS,0.0
