{
    "ZTS": 0.717672,
    "ZION": 1.154094,
    "ZBH": 1.087284,
    "ZBRA": 1.609913,
    "YUM": 1.011853,
    "XYL": 1.109195,
    "XEL": 0.420977,
    "WYNN": 1.97306,
    "GWW": 1.224137,
    "WTW": 0.776939,
    "WMB": 1.248204,
    "WHR": 1.519755,
    "WY": 1.489583,
    "WRK": 1.146551,
    "WDC": 1.547772,
    "WST": 1.140804,
    "WELL": 1.003232,
    "WFC": 1.156968,
    "WEC": 0.364224,
    "WAT": 0.927442,
    "WM": 0.724856,
    "WBD": 1.346264,
    "WMT": 0.528017,
    "WBA": 0.727729,
    "WAB": 1.493175,
    "VMC": 0.791666,
    "VNO": 1.230603,
    "V": 0.953304,
    "VICI": 1.011135,
    "VTRS": 1.203663,
    "VFC": 1.428879,
    "VRTX": 0.432112,
    "VZ": 0.356681,
    "VRSK": 0.823635,
    "VRSN": 0.984913,
    "VTR": 1.188577,
    "VLO": 1.635416,
    "UHS": 1.309267,
    "UNH": 0.734195,
    "URI": 1.855962,
    "UPS": 1.112787,
    "UAL": 1.329741,
    "UNP": 1.122126,
    "ULTA": 1.324353,
    "UDR": 0.702586,
    "USB": 0.987428,
    "TSN": 0.68714,
    "TYL": 0.840158,
    "TFC": 1.070761,
    "TRMB": 1.544899,
    "TRV": 0.671336,
    "TDG": 1.429238,
    "TT": 1.21408,
    "TSCO": 0.885775,
    "TJX": 0.909123,
    "TMO": 0.84375,
    "TXT": 1.511135,
    "TXN": 0.99964,
    "TSLA": 1.912715,
    "TER": 1.529094,
    "TFX": 1.087284,
    "TDY": 1.086206,
    "TEL": 1.299928,
    "TGT": 1.011494,
    "TRGP": 2.323994,
    "TPR": 1.421336,
    "TTWO": 0.755387,
    "TROW": 1.283405,
    "TMUS": 0.530172,
    "SYY": 1.079382,
    "SNPS": 1.19612,
    "SYF": 1.594468,
    "SIVB": 1.503591,
    "SYK": 0.987787,
    "STE": 0.815014,
    "STT": 1.621408,
    "SBUX": 0.895114,
    "SWK": 1.251077,
    "LUV": 1.07579,
    "SO": 0.510775,
    "SEDG": 1.266882,
    "SNA": 1.094468,
    "SJM": 0.242097,
    "SWKS": 1.210129,
    "SPG": 1.538074,
    "SBNY": 1.613146,
    "SHW": 1.080459,
    "NOW": 0.971982,
    "SRE": 0.686781,
    "SEE": 1.21408,
    "STX": 1.116379,
    "SLB": 1.868175,
    "SBAC": 0.470545,
    "CRM": 1.101652,
    "SPGI": 1.065014,
    "RCL": 2.421336,
    "ROST": 1.006465,
    "ROP": 1.076149,
    "ROL": 0.625359,
    "ROK": 1.463721,
    "RHI": 1.28556,
    "RMD": 0.464798,
    "RSG": 0.673491,
    "RF": 1.237787,
    "REGN": 0.206178,
    "REG": 1.125718,
    "O": 0.783045,
    "RTX": 0.797054,
    "RJF": 1.059985,
    "RL": 1.38362,
    "DGX": 1.006106,
    "QCOM": 1.221264,
    "PWR": 1.099137,
    "QRVO": 1.382543,
    "PHM": 1.284841,
    "PSA": 0.373563,
    "PTC": 1.174568,
    "PEG": 0.595545,
    "PRU": 1.413793,
    "PLD": 0.971623,
    "PGR": 0.457255,
    "PG": 0.418821,
    "PFG": 1.275862,
    "PPL": 0.818247,
    "PPG": 1.175287,
    "POOL": 0.819683,
    "PNC": 1.141882,
    "PXD": 1.461925,
    "PNW": 0.420258,
    "PSX": 1.426364,
    "PM": 0.730962,
    "PCG": 1.144396,
    "PFE": 0.651221,
    "PKI": 1.14727,
    "PEP": 0.587643,
    "PNR": 1.052083,
    "PYPL": 1.301005,
    "PAYC": 1.36135,
    "PAYX": 0.97306,
    "PH": 1.547054,
    "PARA": 1.515445,
    "PKG": 0.878232,
    "PCAR": 0.92852,
    "OTIS": 0.874918,
    "OGN": null,
    "ORCL": 1.024425,
    "OKE": 1.674209,
    "ON": 1.725574,
    "OMC": 0.890445,
    "ODFL": 1.064655,
    "OXY": 1.804238,
    "ORLY": 0.963721,
    "NXPI": 1.465517,
    "NVR": 0.948635,
    "NVDA": 1.747844,
    "NUE": 1.516882,
    "NRG": 0.835488,
    "NCLH": 2.442528,
    "NOC": 0.614583,
    "NTRS": 1.086925,
    "NSC": 1.331896,
    "NDSN": 0.925646,
    "NI": 0.457255,
    "NKE": 1.144755,
    "NEE": 0.483117,
    "NWS": 1.285924,
    "NWSA": 1.285924,
    "NEM": 0.269712,
    "NWL": 0.843031,
    "NFLX": 1.283764,
    "NTAP": 1.195652,
    "NDAQ": 0.939572,
    "MSCI": 1.091235,
    "MSI": 0.915254,
    "MOS": 1.566322,
    "MS": 1.33235,
    "MCO": 1.242097,
    "MNST": 0.903831,
    "MPWR": 1.168386,
    "MDLZ": 0.6875,
    "TAP": 0.862196,
    "MOH": null,
    "MHK": 1.277298,
    "MRNA": 1.733815,
    "MAA": 0.730962,
    "MSFT": 0.933189,
    "MU": 1.275143,
    "MCHP": 1.578663,
    "MGM": 2.044181,
    "MTD": 1.142225,
    "MET": 1.069324,
    "META": 1.204382,
    "MRK": 0.328297,
    "MDT": 0.768238,
    "MCK": 0.61938,
    "MCD": null,
    "MKC": 0.571112,
    "MTCH": 1.315274,
    "MA": null,
    "MAS": 1.209285,
    "MLM": 0.86588,
    "MMC": 0.888725,
    "MAR": 1.560344,
    "MKTX": 0.647752,
    "MPC": 1.602063,
    "MRO": 2.414517,
    "MTB": 0.838614,
    "LYB": 1.260501,
    "LUMN": 1.073323,
    "LOW": 1.168017,
    "L": 0.821665,
    "LMT": 0.671333,
    "LKQ": 1.374723,
    "LYV": 1.341562,
    "LIN": 0.86588,
    "LNC": 1.776713,
    "LEN": 1.449889,
    "LDOS": 0.757184,
    "LVS": 1.167649,
    "LW": 0.511422,
    "LRCX": 1.383566,
    "LH": 1.066322,
    "LHX": 0.701915,
    "KR": 0.506632,
    "KHC": 0.730655,
    "KLAC": null,
    "KMI": 0.916728,
    "KIM": 1.383935,
    "KMB": 0.386882,
    "KEYS": 1.0549,
    "KEY": 1.284819,
    "KDP": 0.568672,
    "K": 0.435887,
    "JNPR": 0.873249,
    "JPM": 1.06927,
    "JCI": 1.164333,
    "JNJ": 0.558953,
    "J": 0.889462,
    "JKHY": 0.646278,
    "JBHT": 1.125644,
    "IRM": 0.837877,
    "IQV": null,
    "INVH": 0.899778,
    "IVZ": 1.297715,
    "ISRG": 1.285187,
    "INTU": 1.182756,
    "IFF": 1.068533,
    "IPG": 1.033898,
    "IP": 0.969786,
    "ICE": 0.908621,
    "INTC": 0.706705,
    "IR": 1.446941,
    "INCY": 0.662122,
    "ILMN": 1.123065,
    "ITW": 1.097273,
    "IDXX": 1.140383,
    "IEX": 0.98784,
    "IBM": 0.83235,
    "HII": 0.619012,
    "HBAN": 1.126381,
    "HUM": 0.732129,
    "HPQ": 0.990051,
    "HWM": 1.4042,
    "HST": 1.221444,
    "HRL": 0.171702,
    "HON": 1.087693,
    "HD": 0.960206,
    "HOLX": 1.023949,
    "HLT": 1.206337,
    "HPE": 1.172439,
    "HES": 1.542372,
    "HSY": 0.344141,
    "HSIC": 0.757921,
    "PEAK": 0.82277,
    "HCA": 1.685703,
    "HAS": 0.806927,
    "HIG": 0.878039,
    "HAL": 2.103537,
    "GS": 1.355932,
    "GPN": 1.040899,
    "GL": null,
    "GILD": 0.333087,
    "GPC": 0.955784,
    "GM": null,
    "GIS": 0.308769,
    "GE": 1.138909,
    "GD": 0.848563,
    "GNRC": 1.375829,
    "GEN": null,
    "IT": 1.347826,
    "GRMN": null,
    "FCX": 1.945836,
    "BEN": 1.257921,
    "FOX": 0.890279,
    "FOXA": 0.890279,
    "FBHS": null,
    "FTV": null,
    "FTNT": 1.141488,
    "F": 1.378776,
    "FMC": 0.79882,
    "FLT": 1.236919,
    "FISV": 0.874355,
    "FIS": 0.847089,
    "FE": 0.454679,
    "FRC": 1.142962,
    "FITB": 1.225497,
    "FDX": 1.323876,
    "FRT": 1.143699,
    "FAST": 1.180545,
    "FDS": 0.782608,
    "FFIV": 1.138909,
    "XOM": 1.048636,
    "EXR": 0.553426,
    "EXPD": 0.909358,
    "EXPE": 1.564848,
    "EXC": 0.625276,
    "ES": 0.510316,
    "EVRG": 0.536109,
    "RE": 0.510685,
    "ETSY": 1.808769,
    "EL": 1.031319,
    "ESS": 0.807663,
    "EQR": 0.83714,
    "EQIX": 0.552689,
    "EFX": 1.486735,
    "EQT": 1.167649,
    "EPAM": 1.677597,
    "EOG": 1.501473,
    "ETR": 0.610537,
    "ENPH": 1.469786,
    "EMR": 1.396831,
    "LLY": 0.32756,
    "ELV": 0.883198,
    "EA": 0.844509,
    "EW": 1.141857,
    "EIX": 0.738025,
    "ECL": 1.027266,
    "EBAY": 1.260869,
    "ETN": 1.14112,
    "EMN": 1.492262,
    "DXC": 1.943625,
    "DD": 1.201547,
    "DUK": 0.411569,
    "DTE": null,
    "DOW": 1.337859,
    "DOV": 1.326455,
    "DPZ": 0.687546,
    "D": 0.485998,
    "DLTR": 0.689756,
    "DG": 0.389093,
    "DIS": 1.233971,
    "DISH": 1.828666,
    "DFS": 1.397199,
    "DLR": 0.448784,
    "FANG": 1.997789,
    "DXCM": 1.035003,
    "DVN": 2.434045,
    "XRAY": 0.94252,
    "DAL": 1.166912,
    "DE": 1.058216,
    "DVA": 1.091746,
    "DRI": 1.2056,
    "DHR": 0.865512,
    "DHI": 1.535372,
    "CVS": 0.707811,
    "CMI": 0.99742,
    "CSX": 1.242446,
    "CCI": 0.675386,
    "CTRA": 0.1507,
    "COST": 0.721812,
    "CSGP": null,
    "CTVA": 0.696382,
    "GLW": 1.033529,
    "CPRT": 1.170596,
    "COO": 0.93294,
    "CEG": null,
    "STZ": 0.98305,
    "ED": 0.309137,
    "COP": 1.285187,
    "CAG": 0.561532,
    "CMA": 1.271186,
    "CMCSA": null,
    "CL": 0.505895,